{"uuid":"_1a53456c-b505-47b6-a3dd-0f649b8a6a30","name":"Impfstoff einführen","author":"Erdi Basöz, Jennifer Schweigert, Murat Degermenci, Onur Afyoncu","description":"Dieser Prozess zeigt einen möglichen Umgang mit Beschäftigten im Unternehmen, die geimpft wurden bzw. die nicht geimpft wurden.","date":"Wed Jan 20 09:58:31 GMT 2021","lastTouchDate":1611140227424,"isExecutable":false,"isShared":false,"type":"Private","version":0,"startEvent":{"uuid":"_68b53b2b-e425-4a49-b41e-4f0321d2f3db","label":"Gesundheitsamt bietet Impfstoff","description":"Das Gesundheitsamt bietet für alle Bürger einen Impfstoff an.","resource":"","organisation":"","costs":"","time":"","itsystem":"","metadata":[],"bounds":{"top":368,"height":50,"left":41,"width":50},"type":"startEvent"},"nodeList":[{"uuid":"_68b53b2b-e425-4a49-b41e-4f0321d2f3db","label":"Gesundheitsamt bietet Impfstoff","description":"Das Gesundheitsamt bietet für alle Bürger einen Impfstoff an.","resource":"","organisation":"","costs":"","time":"","itsystem":"","metadata":[],"bounds":{"top":368,"height":50,"left":41,"width":50},"type":"startEvent","order":0},{"uuid":"_c7222a7f-ba58-4ae3-a943-b19fbeb1f734","label":"Beschäftigte Impfen","description":"Wollen sich die Mitarbeiter impfen lassen?","resource":"HR-Manager\/-innen ; Beschäftigte","organisation":"HR ; Geschäftsführung","costs":"N\/A","time":"N\/A","itsystem":"HR-Software","metadata":[],"bounds":{"top":343,"height":100,"left":163,"width":150},"type":"userTask","order":1},{"uuid":"_44a44103-8587-41fd-8f2d-affc5c8ee1bd","label":"exclusiveGateway","description":"","resource":"","organisation":"","costs":"","time":"","itsystem":"","metadata":[],"bounds":{"top":368,"height":50,"left":350,"width":50},"type":"exclusiveGateway","order":2},{"uuid":"_376c4fac-ee47-4598-9664-11f0ee16c22c","label":"Beschäftigte weiterarbeiten","description":"Beschäftigte sind bereit sich impfen zu lassen und können weiter arbeiten.","resource":"Beschäftigte","organisation":"Fachabteilung","costs":"N\/A","time":"N\/A","itsystem":"","metadata":[],"bounds":{"top":235,"height":100,"left":455,"width":150},"type":"genericTask","order":3},{"uuid":"_1ad49879-4d11-4b52-b577-4bd4ff8bb830","label":"Beschäftigte arbeiten","description":"Beschäftigte können ohne zustätzliche Bearbeitung arbeiten.","resource":"","organisation":"","costs":"","time":"","itsystem":"","metadata":[],"bounds":{"top":260,"height":50,"left":675,"width":50},"type":"endEvent","order":4},{"uuid":"_352f9f4f-7637-40d8-8056-282d09bc07f5","label":"Home-Office Möglichkeit überprüfen","description":"Beschäftigter ist nicht bereit sich impfen zu lassen. Es muss geprüft werden ob dieser im Home-office arbeiten kann.\nDie Prüfung findet mit den HR-Manager\/-in und der Abteilungsleitung statt.","resource":"HR-Manager\/-innen ; Abteilungsleitung","organisation":"HR ; Fachabteilung","costs":"NA","time":"NA","itsystem":"HR-Software","metadata":[],"bounds":{"top":469,"height":100,"left":455,"width":150},"type":"userTask","order":5},{"uuid":"_4c2b9d93-f931-4ea6-9541-6790a24c6ec8","label":"Home-Office möglich?","description":"Kann man in dem Arbeitsumfeld im Home-Office arbeiten.","resource":"","organisation":"","costs":"","time":"","itsystem":"","metadata":[],"bounds":{"top":494,"height":50,"left":652,"width":50},"type":"exclusiveGateway","order":6},{"uuid":"_f59332c5-9aee-4373-b6cd-f5d66f95cc12","label":"Weiterbeschäftigung prüfen","description":"Im Arbeitsumfeld ist keine Home-Office möglichkeit vorhanden. HR-Manager\/-in und die Abteilungsleitung müssen die Weiterbeschäftigung des Beschäftigten prüfen.","resource":"HR-Manager ; Abteilungsleitung","organisation":"HR ; Fachabteilung","costs":"N\/A","time":"Ergebniss getroffen","itsystem":"HR-Software","metadata":[],"bounds":{"top":550,"height":100,"left":745,"width":150},"type":"userTask","order":7},{"uuid":"_44265484-742a-4df7-b718-4fdfc1a2a718","label":"Weiterbeschäftigung geprüft","description":"Die Weiterbeschäftigung wurde überprüft.","resource":"","organisation":"","costs":"","time":"","itsystem":"","metadata":[],"bounds":{"top":575,"height":50,"left":978,"width":50},"type":"endEvent","order":8},{"uuid":"_63fb3b5f-79e9-4f1e-9d1d-876023f79c40","label":"Beschäftigte im Home-Office \nweiterarbeiten","description":"Beschäftigte arbeiten im Home-Office weiter. Es muss die notwendige Infrastruktur erstellt werden und die Unternehmensspezifische Software muss installiert werden.","resource":"Beschäftigte","organisation":"Fachabteilung","costs":"Home-office Einrichtungen","time":"N\/A","itsystem":"Unternehmenssoftware","metadata":[],"bounds":{"top":397,"height":100,"left":745,"width":150},"type":"userTask","order":9},{"uuid":"_77a0d285-aae8-417a-9564-04c2f7894fc2","label":"Beschäftigter arbeitet im Home-Office","description":"","resource":"","organisation":"","costs":"","time":"","itsystem":"","metadata":[],"bounds":{"top":422,"height":50,"left":973,"width":50},"type":"endEvent","order":10}],"edgeList":[{"uuid":"_491cd959-022b-4aaa-a232-151975080bd8","label":"Ja","source":"_44a44103-8587-41fd-8f2d-affc5c8ee1bd","target":"_376c4fac-ee47-4598-9664-11f0ee16c22c","line":{"points":[{"x":375,"y":393},{"x":375,"y":285},{"x":375,"y":285},{"x":455,"y":285}]}},{"uuid":"_41b6b261-9d7d-4b54-82fa-a8af5d7048b1","label":"","source":"_352f9f4f-7637-40d8-8056-282d09bc07f5","target":"_4c2b9d93-f931-4ea6-9541-6790a24c6ec8","line":{"points":[{"x":530,"y":519},{"x":628,"y":519},{"x":628,"y":519},{"x":652,"y":519}]}},{"uuid":"_c0b27199-2892-4668-a7a3-a3f8ac567060","label":"Nein","source":"_4c2b9d93-f931-4ea6-9541-6790a24c6ec8","target":"_f59332c5-9aee-4373-b6cd-f5d66f95cc12","line":{"points":[{"x":677,"y":519},{"x":677,"y":600},{"x":677,"y":600},{"x":745,"y":600}]}},{"uuid":"_a29e1724-d06a-4a01-8025-afa3f300311e","label":"","source":"_f59332c5-9aee-4373-b6cd-f5d66f95cc12","target":"_44265484-742a-4df7-b718-4fdfc1a2a718","line":{"points":[{"x":820,"y":600},{"x":936,"y":600},{"x":936,"y":600},{"x":978,"y":600}]}},{"uuid":"_785f5f4b-16c7-45b9-9a43-4ea30b5b4170","label":"Ja","source":"_4c2b9d93-f931-4ea6-9541-6790a24c6ec8","target":"_63fb3b5f-79e9-4f1e-9d1d-876023f79c40","line":{"points":[{"x":677,"y":519},{"x":677,"y":447},{"x":677,"y":447},{"x":745,"y":447}]}},{"uuid":"_f38b9577-d7bb-49cc-95e5-de3b7c6e76c0","label":"","source":"_68b53b2b-e425-4a49-b41e-4f0321d2f3db","target":"_c7222a7f-ba58-4ae3-a943-b19fbeb1f734","line":{"points":[{"x":66,"y":393},{"x":127,"y":393},{"x":127,"y":393},{"x":163,"y":393}]}},{"uuid":"_c5ba940b-29c9-4015-845e-f45cb4bcba88","label":"","source":"_c7222a7f-ba58-4ae3-a943-b19fbeb1f734","target":"_44a44103-8587-41fd-8f2d-affc5c8ee1bd","line":{"points":[{"x":238,"y":393},{"x":331,"y":393},{"x":331,"y":393},{"x":350,"y":393}]}},{"uuid":"_23a80857-398f-49f2-880d-3f6055bbe6e9","label":"","source":"_376c4fac-ee47-4598-9664-11f0ee16c22c","target":"_1ad49879-4d11-4b52-b577-4bd4ff8bb830","line":{"points":[{"x":530,"y":285},{"x":640,"y":285},{"x":640,"y":285},{"x":675,"y":285}]}},{"uuid":"_0a642f1c-5826-482c-a6f0-9789f2d88530","label":"","source":"_63fb3b5f-79e9-4f1e-9d1d-876023f79c40","target":"_77a0d285-aae8-417a-9564-04c2f7894fc2","line":{"points":[{"x":820,"y":447},{"x":934,"y":447},{"x":934,"y":447},{"x":973,"y":447}]}},{"uuid":"_46a14ce8-4151-4e99-8b5e-01610ef86492","label":"Nein","source":"_44a44103-8587-41fd-8f2d-affc5c8ee1bd","target":"_352f9f4f-7637-40d8-8056-282d09bc07f5","line":{"points":[{"x":375,"y":393},{"x":375,"y":519},{"x":375,"y":519},{"x":455,"y":519}]}}]}