{"uuid":"_ee329e77-3603-47e1-b925-68b56a502b53","name":"Erkrankte behandeln","author":"Erdi Basöz, Jennifer Schweigert, Murat Degermenci, Onur Afyoncu","description":"Dieser Prozess beschreibt den Ablauf wie Beschäftigte sich bei Krankheitssymptomen im Unternehmen zu Verhalten haben.","date":"Mon Jan 18 12:44:09 GMT 2021","lastTouchDate":1611140296050,"isExecutable":false,"isShared":false,"type":"Private","version":0,"startEvent":{"uuid":"_89834a8e-4f8a-4157-ab51-729f8b4a0f9c","label":"Krankheitssymptome","description":"Ein Mitarbeiter zeigt Krankheitssymptome","resource":"","organisation":"","costs":"","time":"","itsystem":"","metadata":[],"bounds":{"top":335,"height":50,"left":30,"width":50},"type":"startEvent"},"nodeList":[{"uuid":"_89834a8e-4f8a-4157-ab51-729f8b4a0f9c","label":"Krankheitssymptome","description":"Ein Mitarbeiter zeigt Krankheitssymptome","resource":"","organisation":"","costs":"","time":"","itsystem":"","metadata":[],"bounds":{"top":335,"height":50,"left":30,"width":50},"type":"startEvent","order":0},{"uuid":"_14d6debc-6406-4459-8d54-e693caf10daf","label":"Vorgesetzte informieren","description":"Beschäftigte informiert seinen Vorgesetzten über seine Anwesenheit.","resource":"Beschäftigte","organisation":"Fachabteilung","costs":"N\/A","time":"N\/A","itsystem":"Outlook","metadata":[],"bounds":{"top":310,"height":100,"left":146,"width":150},"type":"userTask","order":1},{"uuid":"_1dc52c17-d958-4f90-8b54-945f2f069273","label":"Corona-Hotline anrufen","description":"Beschäftigte meldet sich Telefonisch bei der Corona-Hotline. ","resource":"Beschäftigte","organisation":"Fachabteilung","costs":"N\/A","time":"N\/A","itsystem":"Telefon","metadata":[{"filePath":"\/storage\/emulated\/0\/BPM Touch\/DATA\/project_8c6375fc-3aa5-41c5-b860-c42d71f8d736\/_ee329e77-3603-47e1-b925-68b56a502b53\/nodes\/_1dc52c17-d958-4f90-8b54-945f2f069273\/Corona_Hotline.jpg"}],"bounds":{"top":310,"height":100,"left":353,"width":150},"type":"userTask","order":2},{"uuid":"_9218d4db-e54b-4c84-8f08-cd59a3410380","label":"Symptome vorhanden?","description":"Die Krankheitssymptomen werden auf Corona Typisch unterteilt. ","resource":"","organisation":"","costs":"","time":"","itsystem":"","metadata":[],"bounds":{"top":335,"height":50,"left":582,"width":50},"type":"exclusiveGateway","order":3},{"uuid":"_7222bbe3-a433-440e-99e9-f40ddf5ac317","label":"Krankschreibung abgeben","description":"Trotz negativen Corona Symptomen bleibt der Beschäftigte wegen seinen Symptomen daheim. Die Krankschreibung wird mithilfe von Outlook verschickt.","resource":"Beschäftigte","organisation":"Fachabteilung","costs":"N\/A","time":"3-7 Tage","itsystem":"Outlook","metadata":[{"filePath":"\/storage\/emulated\/0\/BPM Touch\/DATA\/project_8c6375fc-3aa5-41c5-b860-c42d71f8d736\/_ee329e77-3603-47e1-b925-68b56a502b53\/nodes\/_7222bbe3-a433-440e-99e9-f40ddf5ac317\/Krankschreibung.jpg"}],"bounds":{"top":136,"height":100,"left":783,"width":150},"type":"userTask","order":4},{"uuid":"_88857f7e-ae6b-46e8-b721-e25f5125676c","label":"Beschäftigter arbeitet weiter","description":"Beschäftigter ist wieder arbeitsfähig.","resource":"","organisation":"","costs":"","time":"","itsystem":"","metadata":[],"bounds":{"top":161,"height":50,"left":1026,"width":50},"type":"endEvent","order":5},{"uuid":"_0697ccbf-3adb-49ee-a6e3-eec48f4a0135","label":"zur Zugewiesenen Teststelle gehen","description":"Beschäftigter begibt sich ohne Umwege zur Zugewiesenen Teststelle.","resource":"Beschäftigte","organisation":"Staat","costs":"Fahrtkosten","time":"N\/A","itsystem":"","metadata":[{"filePath":"\/storage\/emulated\/0\/BPM Touch\/DATA\/project_8c6375fc-3aa5-41c5-b860-c42d71f8d736\/_ee329e77-3603-47e1-b925-68b56a502b53\/nodes\/_0697ccbf-3adb-49ee-a6e3-eec48f4a0135\/Corona Testergebnis.png"}],"bounds":{"top":500,"height":100,"left":783,"width":150},"type":"manualTask","order":6},{"uuid":"_524a2bbb-ea22-4dba-99f4-19eba67b888a","label":"Arbeitgeber informieren","description":"Beschäftigter informiert seinen Vorgesetzten vom Test. Der Beschäftigte wartet 24 Stunden auf den Test.","resource":"Beschäftigte","organisation":"Fachabteilung","costs":"N\/A","time":"24 Stunde","itsystem":"Telefon ; Outlook","metadata":[],"bounds":{"top":500,"height":100,"left":1007,"width":150},"type":"userTask","order":7},{"uuid":"_29b57ba5-2970-4f4f-9408-f15adcfcbd93","label":"Testergebnis erhalten","description":"Beschäftigter erhaltet per Telefonanruf, oder per E-Mail seine Testergebnisse. ","resource":"Beschäftigte","organisation":"Gesundheitsamt","costs":"N\/A","time":"N\/A","itsystem":"Telefon ; Outlook","metadata":[{"filePath":"\/storage\/emulated\/0\/BPM Touch\/DATA\/project_8c6375fc-3aa5-41c5-b860-c42d71f8d736\/_ee329e77-3603-47e1-b925-68b56a502b53\/nodes\/_29b57ba5-2970-4f4f-9408-f15adcfcbd93\/Corona-Test.png"}],"bounds":{"top":500,"height":100,"left":1224,"width":150},"type":"serviceTask","order":8},{"uuid":"_dd5bfaea-c928-4f32-befa-b6a2cdc4bf78","label":"Arbeitgeber informieren","description":"Beschäftigter informiert seinen Arbeitgeber vom Test und begibt sich in die Vorgeschriebene Quarantäne.","resource":"Beschäftigte","organisation":"Unternehmen","costs":"N\/A","time":"N\/A","itsystem":"Telefon ; Outlook","metadata":[],"bounds":{"top":500,"height":100,"left":1447,"width":150},"type":"userTask","order":9},{"uuid":"_67694c91-25fc-4073-9220-b07c6fc1e925","label":"Quarantäne verbleiben","description":"Beschäftigter bleibt 10 Tage in Quarantäne.","resource":"Beschäftigte","organisation":"Fachabteilung","costs":"N\/A","time":"10 Tage","itsystem":"","metadata":[],"bounds":{"top":500,"height":100,"left":1648,"width":150},"type":"manualTask","order":10},{"uuid":"_bf9bfe28-6a5d-437c-8b9b-b528f9aab7bb","label":"Quarantäne vorbei","description":"Beschäftigter begibt sich wieder zur Arbeit.","resource":"","organisation":"","costs":"","time":"","itsystem":"","metadata":[],"bounds":{"top":525,"height":50,"left":1877,"width":50},"type":"endEvent","order":11}],"edgeList":[{"uuid":"_58afaacc-611c-4e43-94a9-1752c728adb9","label":"","source":"_14d6debc-6406-4459-8d54-e693caf10daf","target":"_1dc52c17-d958-4f90-8b54-945f2f069273","line":{"points":[{"x":221,"y":360},{"x":324,"y":360},{"x":324,"y":360},{"x":353,"y":360}]}},{"uuid":"_2bbfa725-7afa-4784-bdc2-9817d448ddfb","label":"keine Symptome","source":"_9218d4db-e54b-4c84-8f08-cd59a3410380","target":"_7222bbe3-a433-440e-99e9-f40ddf5ac317","line":{"points":[{"x":607,"y":360},{"x":607,"y":186},{"x":607,"y":186},{"x":783,"y":186}]}},{"uuid":"_0baf461f-e1fa-4fe3-af90-20b4721e0084","label":"","source":"_1dc52c17-d958-4f90-8b54-945f2f069273","target":"_9218d4db-e54b-4c84-8f08-cd59a3410380","line":{"points":[{"x":428,"y":360},{"x":542,"y":360},{"x":542,"y":360},{"x":582,"y":360}]}},{"uuid":"_5619b2e6-825d-4625-bfc7-11a8640d0736","label":"","source":"_524a2bbb-ea22-4dba-99f4-19eba67b888a","target":"_29b57ba5-2970-4f4f-9408-f15adcfcbd93","line":{"points":[{"x":1082,"y":550},{"x":1190,"y":550},{"x":1190,"y":550},{"x":1224,"y":550}]}},{"uuid":"_8ac4e7f1-f067-435e-ba4e-de38593c99c3","label":"","source":"_67694c91-25fc-4073-9220-b07c6fc1e925","target":"_bf9bfe28-6a5d-437c-8b9b-b528f9aab7bb","line":{"points":[{"x":1723,"y":550},{"x":1837,"y":550},{"x":1837,"y":550},{"x":1877,"y":550}]}},{"uuid":"_f2821c6c-1957-4461-a687-5570e4a46a1a","label":"","source":"_dd5bfaea-c928-4f32-befa-b6a2cdc4bf78","target":"_67694c91-25fc-4073-9220-b07c6fc1e925","line":{"points":[{"x":1522,"y":550},{"x":1622,"y":550},{"x":1622,"y":550},{"x":1648,"y":550}]}},{"uuid":"_fafdcbe4-8ef1-4d4d-8b74-f8a7b8405ef6","label":"","source":"_7222bbe3-a433-440e-99e9-f40ddf5ac317","target":"_88857f7e-ae6b-46e8-b721-e25f5125676c","line":{"points":[{"x":858,"y":186},{"x":979,"y":186},{"x":979,"y":186},{"x":1026,"y":186}]}},{"uuid":"_3747b19e-7ce0-4f6f-bf78-243714120ac9","label":"","source":"_89834a8e-4f8a-4157-ab51-729f8b4a0f9c","target":"_14d6debc-6406-4459-8d54-e693caf10daf","line":{"points":[{"x":55,"y":360},{"x":113,"y":360},{"x":113,"y":360},{"x":146,"y":360}]}},{"uuid":"_a571b2c9-0b33-410e-9063-715b6e58fdde","label":"vorhanden","source":"_9218d4db-e54b-4c84-8f08-cd59a3410380","target":"_0697ccbf-3adb-49ee-a6e3-eec48f4a0135","line":{"points":[{"x":607,"y":360},{"x":607,"y":550},{"x":607,"y":550},{"x":783,"y":550}]}},{"uuid":"_b47e7289-c8d7-4bf7-aa87-dae7f1561516","label":"","source":"_0697ccbf-3adb-49ee-a6e3-eec48f4a0135","target":"_524a2bbb-ea22-4dba-99f4-19eba67b888a","line":{"points":[{"x":858,"y":550},{"x":970,"y":550},{"x":970,"y":550},{"x":1007,"y":550}]}},{"uuid":"_af4eee8d-8504-4158-a75e-de07656d9d83","label":"","source":"_29b57ba5-2970-4f4f-9408-f15adcfcbd93","target":"_dd5bfaea-c928-4f32-befa-b6a2cdc4bf78","line":{"points":[{"x":1299,"y":550},{"x":1410,"y":550},{"x":1410,"y":550},{"x":1447,"y":550}]}}]}