{"uuid":"_533e83f0-8e26-42c5-aaa2-e9c064df4e9e","name":"Kontaktloses Bezahlen einführen","author":"Erdi Basöz, Jennifer Schweigert, Murat Degermenci, Onur Afyoncu","description":"Dieser Prozess zeigt auf, wie eine mögliche Einführung eines Kontaktloses Bezahlterminals ablaufen könnte. ","date":"Wed Jan 20 13:34:12 GMT 2021","lastTouchDate":1611158526778,"isExecutable":false,"isShared":false,"type":"Private","version":0,"startEvent":{"uuid":"_feb00045-0420-465e-bf7e-77d974b694d8","label":"StartEvent","description":"","resource":"","organisation":"","costs":"","time":"","itsystem":"","metadata":[],"bounds":{"top":400,"height":50,"left":35,"width":50},"type":"startEvent"},"nodeList":[{"uuid":"_feb00045-0420-465e-bf7e-77d974b694d8","label":"StartEvent","description":"","resource":"","organisation":"","costs":"","time":"","itsystem":"","metadata":[],"bounds":{"top":400,"height":50,"left":35,"width":50},"type":"startEvent","order":0},{"uuid":"_fd20642b-aa8a-4dd3-b91e-a35479c1e102","label":"Kassensysteme wählen","description":"Die Geschäftsleitung entscheidet anhand mehrere Kritieren und Anforderungen, welches Kassensystem für das Unternehmen gewählt werden sollte","resource":"Geschäftsleitung","organisation":"Geschäftsführung","costs":"NA","time":"2 Werktage","itsystem":"Beschaffungssystem","metadata":[{"filePath":"\/storage\/emulated\/0\/BPM Touch\/DATA\/project_65d0ad43-d3d7-44a1-acb3-2165f7de7bc3\/_533e83f0-8e26-42c5-aaa2-e9c064df4e9e\/nodes\/_fd20642b-aa8a-4dd3-b91e-a35479c1e102\/Kassensystem-Anbieter.jpg"}],"bounds":{"top":375,"height":100,"left":160,"width":150},"type":"userTask","order":1},{"uuid":"_28f936a7-6abe-49c6-9793-7acd29a8ff16","label":"Bezahlsterminals entscheiden","description":"","resource":"","organisation":"","costs":"","time":"","itsystem":"","metadata":[],"bounds":{"top":400,"height":50,"left":362,"width":50},"type":"exclusiveGateway","order":2},{"uuid":"_bfc4c971-d665-4e99-baf0-466d616d02f6","label":"NFC Terminals wählen","description":"Die Geschäftsleitung entscheidet sich für die NFC Terminals","resource":"Geschäftsleitung","organisation":"Geschäftsführung","costs":"NA","time":"NA","itsystem":"Beschaffungssystem","metadata":[{"filePath":"\/storage\/emulated\/0\/BPM Touch\/DATA\/project_65d0ad43-d3d7-44a1-acb3-2165f7de7bc3\/_533e83f0-8e26-42c5-aaa2-e9c064df4e9e\/nodes\/_bfc4c971-d665-4e99-baf0-466d616d02f6\/NFC_Terminal.jpg"},{"filePath":"\/storage\/emulated\/0\/BPM Touch\/DATA\/project_65d0ad43-d3d7-44a1-acb3-2165f7de7bc3\/_533e83f0-8e26-42c5-aaa2-e9c064df4e9e\/nodes\/_bfc4c971-d665-4e99-baf0-466d616d02f6\/NFC_Terminal2.jpg"}],"bounds":{"top":235,"height":100,"left":524,"width":150},"type":"userTask","order":3},{"uuid":"_7623ac8c-c03c-4fce-ae74-963eeece65b7","label":"exclusiveGateway","description":"","resource":"","organisation":"","costs":"","time":"","itsystem":"","metadata":[],"bounds":{"top":400,"height":50,"left":816,"width":50},"type":"exclusiveGateway","order":4},{"uuid":"_c4c9a5cc-e24e-4ffd-aecd-64b67ba6990a","label":"Anzahl Lesegeräte entscheiden","description":"Nachdem sich für eine Variante des Kassensysteme entschieden wurde, wird jetzt entschieden wie viele Lesegeräte bestellt werden müssen","resource":"Geschäftsleitung","organisation":"Geschäftsführung","costs":"Je nach Anzahl","time":"NA","itsystem":"Beschaffungssystem","metadata":[{"filePath":"\/storage\/emulated\/0\/BPM Touch\/DATA\/unassigned\/_533e83f0-8e26-42c5-aaa2-e9c064df4e9e\/nodes\/_c4c9a5cc-e24e-4ffd-aecd-64b67ba6990a\/Android-PDA-NFC-POS-Erhalt-Rechnung-Thermische-Wifi-Bluetooth-Mobile-Drucker-58mm-Wireless-Handheld-Terminal-PDA.webp"}],"bounds":{"top":375,"height":100,"left":909,"width":150},"type":"userTask","order":5},{"uuid":"_14c6448b-b619-4006-a6ce-ec3db89c4a3b","label":"Kassensysteme bestellen","description":"In diesem Schritt werden die Kassensysteme bestellt. ","resource":"Geschäftsleitung","organisation":"Geschäftsführung","costs":"NA","time":"NA","itsystem":"Beschaffungssystem","metadata":[{"filePath":"\/storage\/emulated\/0\/BPM Touch\/DATA\/unassigned\/_533e83f0-8e26-42c5-aaa2-e9c064df4e9e\/nodes\/_14c6448b-b619-4006-a6ce-ec3db89c4a3b\/qr_code_zahlungsverkehr.960x533.jpg"}],"bounds":{"top":375,"height":100,"left":1109,"width":150},"type":"serviceTask","order":6},{"uuid":"_7e354be2-bc14-4e95-ac92-701e81e2f851","label":"Kassensysteme erhalten","description":"","resource":"","organisation":"","costs":"","time":"","itsystem":"","metadata":[],"bounds":{"top":400,"height":50,"left":1317,"width":50},"type":"intermediateEvent","order":7},{"uuid":"_1182e03b-e9bd-48a8-beda-e642e457d2d1","label":"Kassensysteme einführen","description":"Die Kassensysteme werden installiert und die Software wird geprüft, ob alles funktioniert.","resource":"Techniker","organisation":"Fachabteilung","costs":"NA","time":"NA","itsystem":"mPOS Systeme ; QR Systeme ; NFC Systeme","metadata":[],"bounds":{"top":375,"height":100,"left":1439,"width":150},"type":"userTask","order":8},{"uuid":"_d71bd012-95f5-4696-bfb9-cbe50e041271","label":"Beschäftigte schulen","description":"Es folgt eine Anweisung für die Beschäftigte, zur Bedienung der Kassensysteme","resource":"Beschäftigte","organisation":"","costs":"NA","time":"NA","itsystem":"mPOS Systeme ; QR Systeme ; NFC Systeme","metadata":[],"bounds":{"top":375,"height":100,"left":1662,"width":150},"type":"userTask","order":9},{"uuid":"_02c04a15-345b-40a2-a61d-490f97ae9a76","label":"Kontaktloses Bezahlen eingeführt","description":"","resource":"","organisation":"","costs":"","time":"","itsystem":"","metadata":[{"filePath":"\/storage\/emulated\/0\/BPM Touch\/DATA\/unassigned\/_533e83f0-8e26-42c5-aaa2-e9c064df4e9e\/nodes\/_02c04a15-345b-40a2-a61d-490f97ae9a76\/NFC-Zahlung-erfolgreich-mit-handy-an-der-kasse.jpg"}],"bounds":{"top":400,"height":50,"left":1871,"width":50},"type":"endEvent","order":10},{"uuid":"_b23ab37d-0974-4f5d-9bba-16adf10fcd82","label":"Tragbare Bezahlsterminals wählen","description":"Die Geschäftsleitung entscheidet sich für die  Tragbaren Bezahlterminals","resource":"Geschäftsleitung","organisation":"Geschäftsführung","costs":"NA","time":"NA","itsystem":"Beschaffungssystem","metadata":[{"filePath":"\/storage\/emulated\/0\/BPM Touch\/DATA\/project_65d0ad43-d3d7-44a1-acb3-2165f7de7bc3\/_533e83f0-8e26-42c5-aaa2-e9c064df4e9e\/nodes\/_b23ab37d-0974-4f5d-9bba-16adf10fcd82\/mPos.jpg"},{"filePath":"\/storage\/emulated\/0\/BPM Touch\/DATA\/project_65d0ad43-d3d7-44a1-acb3-2165f7de7bc3\/_533e83f0-8e26-42c5-aaa2-e9c064df4e9e\/nodes\/_b23ab37d-0974-4f5d-9bba-16adf10fcd82\/mPos2.jpg"},{"filePath":"\/storage\/emulated\/0\/BPM Touch\/DATA\/project_3e8701df-d20d-4add-b9ef-f32ad581da0a\/_533e83f0-8e26-42c5-aaa2-e9c064df4e9e\/nodes\/_b23ab37d-0974-4f5d-9bba-16adf10fcd82\/An_Introduction_to_Mobile_Point_of_Sale_mPOS.mp4"}],"bounds":{"top":537,"height":100,"left":524,"width":150},"type":"userTask","order":11},{"uuid":"_b59c9125-0ab4-45e2-805a-b18ce7425c7b","label":"QR Bildschirme wählen","description":"Die Geschäftsleitung entscheidet sich für die QR-Methode ","resource":"Geschäftsleitung","organisation":"Geschäftsführung","costs":"NA","time":"NA","itsystem":"Beschaffungssystem","metadata":[{"filePath":"\/storage\/emulated\/0\/BPM Touch\/DATA\/project_65d0ad43-d3d7-44a1-acb3-2165f7de7bc3\/_533e83f0-8e26-42c5-aaa2-e9c064df4e9e\/nodes\/_b59c9125-0ab4-45e2-805a-b18ce7425c7b\/QRCode.jpg"},{"filePath":"\/storage\/emulated\/0\/BPM Touch\/DATA\/project_3e8701df-d20d-4add-b9ef-f32ad581da0a\/_533e83f0-8e26-42c5-aaa2-e9c064df4e9e\/nodes\/_b59c9125-0ab4-45e2-805a-b18ce7425c7b\/VR-BankingApp_GiroCode_-_Rechnung_mit_QR-Code_bezahlen.mp4"}],"bounds":{"top":375,"height":100,"left":524,"width":150},"type":"userTask","order":12}],"edgeList":[{"uuid":"_f9eed4a7-99dd-4b5d-9134-732ac66f4af6","label":"","source":"_7e354be2-bc14-4e95-ac92-701e81e2f851","target":"_1182e03b-e9bd-48a8-beda-e642e457d2d1","line":{"points":[{"x":1342,"y":425},{"x":1403,"y":425},{"x":1403,"y":425},{"x":1439,"y":425}]}},{"uuid":"_544cd9f6-9c95-4444-b937-406534636159","label":"","source":"_d71bd012-95f5-4696-bfb9-cbe50e041271","target":"_02c04a15-345b-40a2-a61d-490f97ae9a76","line":{"points":[{"x":1737,"y":425},{"x":1841,"y":425},{"x":1841,"y":425},{"x":1871,"y":425}]}},{"uuid":"_7cbe6161-c9b9-4851-b790-15b49ba15453","label":"","source":"_7623ac8c-c03c-4fce-ae74-963eeece65b7","target":"_c4c9a5cc-e24e-4ffd-aecd-64b67ba6990a","line":{"points":[{"x":841,"y":425},{"x":887,"y":425},{"x":887,"y":425},{"x":909,"y":425}]}},{"uuid":"_0bc75db3-58eb-4089-9ab5-0e4e1a4612db","label":"","source":"_feb00045-0420-465e-bf7e-77d974b694d8","target":"_fd20642b-aa8a-4dd3-b91e-a35479c1e102","line":{"points":[{"x":60,"y":425},{"x":122,"y":425},{"x":122,"y":425},{"x":160,"y":425}]}},{"uuid":"_6b8c2a21-5363-448a-b904-a73d029880d4","label":"","source":"_28f936a7-6abe-49c6-9793-7acd29a8ff16","target":"_b23ab37d-0974-4f5d-9bba-16adf10fcd82","line":{"points":[{"x":387,"y":425},{"x":468,"y":425},{"x":468,"y":587},{"x":524,"y":587}]}},{"uuid":"_a9c568f4-acf7-4b5a-9911-244a30638dc7","label":"","source":"_fd20642b-aa8a-4dd3-b91e-a35479c1e102","target":"_28f936a7-6abe-49c6-9793-7acd29a8ff16","line":{"points":[{"x":235,"y":425},{"x":336,"y":425},{"x":336,"y":425},{"x":362,"y":425}]}},{"uuid":"_9976a382-f0f8-4e1d-b66c-0c3334d118b2","label":"","source":"_b23ab37d-0974-4f5d-9bba-16adf10fcd82","target":"_7623ac8c-c03c-4fce-ae74-963eeece65b7","line":{"points":[{"x":599,"y":587},{"x":745,"y":587},{"x":745,"y":425},{"x":816,"y":425}]}},{"uuid":"_358ae2bc-3b31-45c7-a0fe-097c6d41b7e2","label":"","source":"_c4c9a5cc-e24e-4ffd-aecd-64b67ba6990a","target":"_14c6448b-b619-4006-a6ce-ec3db89c4a3b","line":{"points":[{"x":984,"y":425},{"x":1084,"y":425},{"x":1084,"y":425},{"x":1109,"y":425}]}},{"uuid":"_f7154273-db51-4412-ae33-70810dfbf7e5","label":"\n","source":"_28f936a7-6abe-49c6-9793-7acd29a8ff16","target":"_bfc4c971-d665-4e99-baf0-466d616d02f6","line":{"points":[{"x":387,"y":425},{"x":468,"y":425},{"x":468,"y":285},{"x":524,"y":285}]}},{"uuid":"_a6bec6bd-1d59-4cac-b311-f1ae353782bd","label":"","source":"_b59c9125-0ab4-45e2-805a-b18ce7425c7b","target":"_7623ac8c-c03c-4fce-ae74-963eeece65b7","line":{"points":[{"x":599,"y":425},{"x":745,"y":425},{"x":745,"y":425},{"x":816,"y":425}]}},{"uuid":"_9f906329-998e-4eaa-9a74-c2b0ff88e7a8","label":"","source":"_bfc4c971-d665-4e99-baf0-466d616d02f6","target":"_7623ac8c-c03c-4fce-ae74-963eeece65b7","line":{"points":[{"x":599,"y":285},{"x":745,"y":285},{"x":745,"y":425},{"x":816,"y":425}]}},{"uuid":"_0dd64152-a95c-407c-8ebb-72a3e828a212","label":"","source":"_28f936a7-6abe-49c6-9793-7acd29a8ff16","target":"_b59c9125-0ab4-45e2-805a-b18ce7425c7b","line":{"points":[{"x":387,"y":425},{"x":468,"y":425},{"x":468,"y":425},{"x":524,"y":425}]}},{"uuid":"_f48db4cb-5407-4c1e-8809-647d71eae59f","label":"","source":"_1182e03b-e9bd-48a8-beda-e642e457d2d1","target":"_d71bd012-95f5-4696-bfb9-cbe50e041271","line":{"points":[{"x":1514,"y":425},{"x":1625,"y":425},{"x":1625,"y":425},{"x":1662,"y":425}]}},{"uuid":"_208e22f2-306d-43b8-9e82-8a166f87b81e","label":"","source":"_14c6448b-b619-4006-a6ce-ec3db89c4a3b","target":"_7e354be2-bc14-4e95-ac92-701e81e2f851","line":{"points":[{"x":1184,"y":425},{"x":1288,"y":425},{"x":1288,"y":425},{"x":1317,"y":425}]}}]}