{"uuid":"_2e0bae10-29df-469c-965d-696600aba599","name":"Pandemieplan","author":"Erdi Basöz, Jennifer Schweigert, Murat Degermenci, Onur Afyoncu","description":"Erstellung und Planung des Pandemieplans aus Sicht eines Unternehmens mit den erforderlichen Informationen.","date":"Mon Jan 18 12:43:46 GMT 2021","lastTouchDate":1611140199567,"isExecutable":false,"isShared":false,"type":"Private","version":0,"startEvent":{"uuid":"_1105daf2-9d70-4810-b538-443482eeddac","label":"Pandemieplan erstellen","description":"Pandemieplan wird erstellt","resource":"","organisation":"","costs":"","time":"","itsystem":"","metadata":[],"bounds":{"top":325,"height":50,"left":35,"width":50},"type":"startEvent"},"nodeList":[{"uuid":"_1105daf2-9d70-4810-b538-443482eeddac","label":"Pandemieplan erstellen","description":"Pandemieplan wird erstellt","resource":"","organisation":"","costs":"","time":"","itsystem":"","metadata":[],"bounds":{"top":325,"height":50,"left":35,"width":50},"type":"startEvent","order":0},{"uuid":"_d71ed03e-e6b6-46a1-ac74-1f593467ea97","label":"Ansprechpartnern\/-innen festlegen","description":"Ein Ansprechpartnern\/-innen wird festgelegt. Beschäftigte können sich bei Fragen des Pandemieplans beim Krisenstab-Beauftragten melden.","resource":"Krisenstab-Beauftragte","organisation":"Krisenstab","costs":"N\/A","time":"N\/A","itsystem":"","metadata":[],"bounds":{"top":300,"height":100,"left":135,"width":150},"type":"manualTask","order":1},{"uuid":"_e261c968-6243-4234-8b0e-206a651d3d79","label":"exclusiveGateway","description":"","resource":"","organisation":"","costs":"","time":"","itsystem":"","metadata":[],"bounds":{"top":325,"height":50,"left":335,"width":50},"type":"exclusiveGateway","order":2},{"uuid":"_137e40c1-47e1-46c1-b9ae-42002e6add4d","label":"Beschäftigte informieren","description":"Der HR-Manager\/-innen informieren alle Mitarbeiter über den neuen Pandemieplan, hierfür verschicken sie an alle eine E-Mail.","resource":"HR-Manager\/-innen","organisation":"HR","costs":"N\/A","time":"N\/A","itsystem":"Outlook","metadata":[],"bounds":{"top":300,"height":100,"left":438,"width":150},"type":"userTask","order":3},{"uuid":"_40684759-526a-4465-8a52-c9d805ba0407","label":"Hygienevorkehrungen beachten","description":"Die vorhanden Hygienevorkehrungen müssen vom ganzen Unternehmen eingehalten werden.","resource":"Abteilungsleitung ; Krisenstab-Beauftragte ; Beschäftigte ; Fachabteilung ; Geschäftsführung","organisation":"Geschäftsführung ; Fachabteilung ; Krisenstab","costs":"N\/A","time":"Pandemie Dauer","itsystem":"","metadata":[{"filePath":"\/storage\/emulated\/0\/BPM Touch\/DATA\/project_8c6375fc-3aa5-41c5-b860-c42d71f8d736\/_2e0bae10-29df-469c-965d-696600aba599\/nodes\/_40684759-526a-4465-8a52-c9d805ba0407\/Händewaschen richtig gemacht!.mp4"}],"bounds":{"top":300,"height":100,"left":637,"width":150},"type":"manualTask","order":4},{"uuid":"_512e169a-845f-4ab6-9fa9-a6a0c31fde11","label":"Personaleinsätze planen","description":"Die Abteilungsleitung erstellt anhand des Pandemieplans passende Personaleinsatzpläne.","resource":"Abteilungsleitung","organisation":"Fachabteilung","costs":"N\/A","time":"5 Tage","itsystem":"Zeiterfassungssystem","metadata":[{"filePath":"\/storage\/emulated\/0\/BPM Touch\/DATA\/project_8c6375fc-3aa5-41c5-b860-c42d71f8d736\/_2e0bae10-29df-469c-965d-696600aba599\/nodes\/_512e169a-845f-4ab6-9fa9-a6a0c31fde11\/Schichtplan3.png"},{"filePath":"\/storage\/emulated\/0\/BPM Touch\/DATA\/project_8c6375fc-3aa5-41c5-b860-c42d71f8d736\/_2e0bae10-29df-469c-965d-696600aba599\/nodes\/_512e169a-845f-4ab6-9fa9-a6a0c31fde11\/Schichtplan1.png"},{"filePath":"\/storage\/emulated\/0\/BPM Touch\/DATA\/project_8c6375fc-3aa5-41c5-b860-c42d71f8d736\/_2e0bae10-29df-469c-965d-696600aba599\/nodes\/_512e169a-845f-4ab6-9fa9-a6a0c31fde11\/Schichtplan2.png"}],"bounds":{"top":300,"height":100,"left":835,"width":150},"type":"userTask","order":5},{"uuid":"_9bb8e22f-e7a1-4b31-9b2d-6d822599e592","label":"Erkrankte handhaben","description":"Bei Erkrankung von Beschäftigten wird die HR-Abteilung eingebunden. \nGenauere Erklärung ist im Subprozess \"Erkrankte handhaben\"","resource":"HR-Manager ; Abteilungsleitung","organisation":"HR ; Fachabteilung","costs":"","time":"","itsystem":"HR-Software","metadata":[],"bounds":{"top":300,"height":100,"left":1035,"width":150},"type":"userTask","order":6},{"uuid":"_4d721412-86b1-4f49-9c92-42ea8fa73a44","label":"Pandemieplan aktuell?","description":"Ist der Pandemieplan noch aktuell?","resource":"","organisation":"","costs":"","time":"","itsystem":"","metadata":[],"bounds":{"top":325,"height":50,"left":1235,"width":50},"type":"exclusiveGateway","order":7},{"uuid":"_aefefb6b-b4ff-4cff-b6f8-ee1492f43c56","label":"Pandemieplan freigeben","description":"Der Pandemieplan wird freigegeben.","resource":"","organisation":"","costs":"","time":"","itsystem":"","metadata":[],"bounds":{"top":325,"height":50,"left":1393,"width":50},"type":"endEvent","order":8}],"edgeList":[{"uuid":"_c887d652-e490-472e-80ba-e8ebcd774edc","label":"Aktuell","source":"_4d721412-86b1-4f49-9c92-42ea8fa73a44","target":"_aefefb6b-b4ff-4cff-b6f8-ee1492f43c56","line":{"points":[{"x":1260,"y":350},{"x":1339,"y":350},{"x":1339,"y":350},{"x":1393,"y":350}]}},{"uuid":"_39988105-9dc7-40ad-8588-575998bab088","label":"","source":"_137e40c1-47e1-46c1-b9ae-42002e6add4d","target":"_40684759-526a-4465-8a52-c9d805ba0407","line":{"points":[{"x":513,"y":350},{"x":613,"y":350},{"x":613,"y":350},{"x":637,"y":350}]}},{"uuid":"_77bd2691-554a-4384-8f00-ea198b350c5d","label":"Nicht aktuell","source":"_4d721412-86b1-4f49-9c92-42ea8fa73a44","target":"_e261c968-6243-4234-8b0e-206a651d3d79","line":{"points":[{"x":1260,"y":350},{"x":1260,"y":226},{"x":360,"y":226},{"x":360,"y":325}]}},{"uuid":"_b48be2d5-a281-4e1f-8ef2-cce27b93b72e","label":"","source":"_512e169a-845f-4ab6-9fa9-a6a0c31fde11","target":"_9bb8e22f-e7a1-4b31-9b2d-6d822599e592","line":{"points":[{"x":910,"y":350},{"x":1010,"y":350},{"x":1010,"y":350},{"x":1035,"y":350}]}},{"uuid":"_3a81c9bc-3d5f-4bf4-9b4e-8f81621d2d9f","label":"","source":"_40684759-526a-4465-8a52-c9d805ba0407","target":"_512e169a-845f-4ab6-9fa9-a6a0c31fde11","line":{"points":[{"x":712,"y":350},{"x":811,"y":350},{"x":811,"y":350},{"x":835,"y":350}]}},{"uuid":"_f9511cde-6cbf-4fe4-93ee-694d4a34cb5e","label":"","source":"_d71ed03e-e6b6-46a1-ac74-1f593467ea97","target":"_e261c968-6243-4234-8b0e-206a651d3d79","line":{"points":[{"x":210,"y":350},{"x":310,"y":350},{"x":310,"y":350},{"x":335,"y":350}]}},{"uuid":"_5d3026df-f963-418f-8e20-3c4bf5fee45c","label":"","source":"_e261c968-6243-4234-8b0e-206a651d3d79","target":"_137e40c1-47e1-46c1-b9ae-42002e6add4d","line":{"points":[{"x":360,"y":350},{"x":411,"y":350},{"x":411,"y":350},{"x":438,"y":350}]}},{"uuid":"_bcd86752-87cd-41e6-aeb4-e064436f542c","label":"","source":"_9bb8e22f-e7a1-4b31-9b2d-6d822599e592","target":"_4d721412-86b1-4f49-9c92-42ea8fa73a44","line":{"points":[{"x":1110,"y":350},{"x":1210,"y":350},{"x":1210,"y":350},{"x":1235,"y":350}]}},{"uuid":"_03306c53-b415-478f-b2c4-e8fe4aeab9e8","label":"","source":"_1105daf2-9d70-4810-b538-443482eeddac","target":"_d71ed03e-e6b6-46a1-ac74-1f593467ea97","line":{"points":[{"x":60,"y":350},{"x":110,"y":350},{"x":110,"y":350},{"x":135,"y":350}]}}]}