{"uuid":"_6befc8f5-f540-48c0-b457-203ee10c5bff","name":"Corona Main","author":"Erdi Basöz, Jennifer Schweigert, Murat Degermenci, Onur Afyoncu","description":"Der Corona Main Prozess zeigt auf, wie ein Unternehmen im Fall einer Pandemie agieren kann\/sollte.","date":"Wed Jan 20 09:37:34 GMT 2021","lastTouchDate":1611140173034,"isExecutable":false,"isShared":false,"type":"Private","version":0,"startEvent":{"uuid":"_baab8ab8-d8e8-4500-b995-c4e0f83ba93b","label":"Pandemieplan start","description":"","resource":"","organisation":"","costs":"","time":"","itsystem":"","metadata":[],"bounds":{"top":511,"height":50,"left":66,"width":50},"type":"startEvent"},"nodeList":[{"uuid":"_baab8ab8-d8e8-4500-b995-c4e0f83ba93b","label":"Pandemieplan start","description":"","resource":"","organisation":"","costs":"","time":"","itsystem":"","metadata":[],"bounds":{"top":511,"height":50,"left":66,"width":50},"type":"startEvent","order":0},{"uuid":"_ec35f2ac-fa29-4e81-8518-a370ff843a1d","label":"exclusiveGateway","description":"Zusammenführung falls noch kein Impfstoff existiert","resource":"","organisation":"","costs":"","time":"","itsystem":"","metadata":[],"bounds":{"top":511,"height":50,"left":162,"width":50},"type":"exclusiveGateway","order":1},{"uuid":"_7250e1ec-3113-41a0-aafc-0c26ff4ba32d","label":"Hygieneplan erstellen","description":"Der Krisenstab erstellt auf Basis des Gesundheitsamtes einen passenden  Hygieneplan","resource":"Krisenstab-Beauftragte","organisation":"Krisenstab","costs":"N\/A","time":"N\/A","itsystem":"Excel","metadata":[{"filePath":"\/storage\/emulated\/0\/BPM Touch\/DATA\/project_8c6375fc-3aa5-41c5-b860-c42d71f8d736\/_6befc8f5-f540-48c0-b457-203ee10c5bff\/nodes\/_7250e1ec-3113-41a0-aafc-0c26ff4ba32d\/Hygieneplan.png"}],"bounds":{"top":486,"height":100,"left":270,"width":150},"type":"userTask","order":2},{"uuid":"_9d7f820c-7ba4-49a1-a421-996ea5b63d3e","label":"parallelGateway","description":"","resource":"","organisation":"","costs":"","time":"","itsystem":"","metadata":[],"bounds":{"top":511,"height":50,"left":468,"width":50},"type":"parallelGateway","order":3},{"uuid":"_5f5ee9d2-8626-4960-a899-66d6f18aa18d","label":"Pandemieplan überprüfen","description":"Der Krisenstab erstellt, mit den Vorgaben vom Gesundheitsamt, einen Pandemieplan. Dieser wird von der Geschäftsführung abgesegnet.","resource":"Geschäftsleitung ; Krisenstab-Beauftragte","organisation":"Geschäftsführung ; Krisenstab","costs":"N\/A","time":"N\/A","itsystem":"","metadata":[{"filePath":"\/storage\/emulated\/0\/BPM Touch\/DATA\/project_8c6375fc-3aa5-41c5-b860-c42d71f8d736\/_6befc8f5-f540-48c0-b457-203ee10c5bff\/nodes\/_5f5ee9d2-8626-4960-a899-66d6f18aa18d\/Pandemieplan.png"}],"bounds":{"top":400,"height":100,"left":584,"width":150},"type":"manualTask","order":4},{"uuid":"_2a9de4ff-3432-47b1-abdf-ca29e6005e41","label":"Arbeits- und Organisationsstruktur anpassen","description":"Die Geschäftsleitung und die Fachabteilungen erstellen, auf Basis des Pandemieplans, geeignete Arbeits- und Organisationsstrukturen.","resource":"Abteilungsleitung ; Geschäftsleitung ; dozent","organisation":"Geschäftsführung ; Fachabteilung","costs":"N\/A","time":"N\/A","itsystem":"Excel","metadata":[{"filePath":"\/storage\/emulated\/0\/BPM Touch\/DATA\/project_8c6375fc-3aa5-41c5-b860-c42d71f8d736\/_6befc8f5-f540-48c0-b457-203ee10c5bff\/nodes\/_2a9de4ff-3432-47b1-abdf-ca29e6005e41\/Schutzmaßnahmen.png"}],"bounds":{"top":400,"height":100,"left":804,"width":150},"type":"userTask","order":5},{"uuid":"_9e3f3a3e-9e07-4fa5-90d8-cad9b6f0d14d","label":"Maßnahmen Änderungen?","description":"Müssen Änderungen am Hygieneplan oder am Pandemieplan vorgenommen werden? ","resource":"","organisation":"","costs":"","time":"","itsystem":"","metadata":[],"bounds":{"top":425,"height":50,"left":994,"width":50},"type":"exclusiveGateway","order":6},{"uuid":"_274b7111-bd0b-433e-92ce-8f66cd8d7157","label":"Impfstoff einführen","description":"","resource":"Beschäftigte","organisation":"Staat","costs":"","time":"","itsystem":"","metadata":[{"filePath":"\/storage\/emulated\/0\/BPM Touch\/DATA\/project_8c6375fc-3aa5-41c5-b860-c42d71f8d736\/_6befc8f5-f540-48c0-b457-203ee10c5bff\/nodes\/_274b7111-bd0b-433e-92ce-8f66cd8d7157\/Erste Corona-Impfung in Amerika live übertragen.mp4"}],"bounds":{"top":400,"height":100,"left":1148,"width":150},"type":"genericTask","order":7},{"uuid":"_4446b711-cce8-4aa3-a63c-4646d561b240","label":"parallelGateway","description":"","resource":"","organisation":"","costs":"","time":"","itsystem":"","metadata":[],"bounds":{"top":511,"height":50,"left":1314,"width":50},"type":"parallelGateway","order":8},{"uuid":"_ec0d4eb9-1326-400b-886a-bdb81ccc35a9","label":"Normalbetrieb","description":"Der Normalbetrieb kann wieder hergestellt werden.","resource":"","organisation":"","costs":"","time":"","itsystem":"","metadata":[],"bounds":{"top":511,"height":50,"left":1456,"width":50},"type":"endEvent","order":9},{"uuid":"_9c8aa1e8-89c8-4032-84da-38c124a9af03","label":"Einhaltung der Maßnahmen überprüfen","description":"Die Abteilungsleitung überprüft ob sich alle Mitarbeiter an den Hygieneplan und an den Pandemieplan halten.","resource":"Abteilungsleitung","organisation":"Fachabteilung","costs":"N\/A","time":"Pandemiezeit","itsystem":"","metadata":[],"bounds":{"top":582,"height":100,"left":697,"width":150},"type":"manualTask","order":10}],"edgeList":[{"uuid":"_55a9890b-dfe8-4432-a493-fa079bd65a2d","label":"Ja","source":"_9e3f3a3e-9e07-4fa5-90d8-cad9b6f0d14d","target":"_ec35f2ac-fa29-4e81-8518-a370ff843a1d","line":{"points":[{"x":1019,"y":450},{"x":1019,"y":344},{"x":187,"y":344},{"x":187,"y":511}]}},{"uuid":"_a77e5e29-ad8e-4a94-aab7-2bd3b7a15a99","label":"","source":"_4446b711-cce8-4aa3-a63c-4646d561b240","target":"_ec0d4eb9-1326-400b-886a-bdb81ccc35a9","line":{"points":[{"x":1339,"y":536},{"x":1410,"y":536},{"x":1410,"y":536},{"x":1456,"y":536}]}},{"uuid":"_3f9f284a-01e7-487c-82a4-dd1ca25e5381","label":"","source":"_baab8ab8-d8e8-4500-b995-c4e0f83ba93b","target":"_ec35f2ac-fa29-4e81-8518-a370ff843a1d","line":{"points":[{"x":91,"y":536},{"x":139,"y":536},{"x":139,"y":536},{"x":162,"y":536}]}},{"uuid":"_f1ba1f82-e4e1-46d8-ba76-6af6ff924370","label":"","source":"_ec35f2ac-fa29-4e81-8518-a370ff843a1d","target":"_7250e1ec-3113-41a0-aafc-0c26ff4ba32d","line":{"points":[{"x":187,"y":536},{"x":241,"y":536},{"x":241,"y":536},{"x":270,"y":536}]}},{"uuid":"_d74df4f1-0678-466e-98ff-fa9c317eb807","label":"","source":"_9c8aa1e8-89c8-4032-84da-38c124a9af03","target":"_4446b711-cce8-4aa3-a63c-4646d561b240","line":{"points":[{"x":772,"y":632},{"x":1339,"y":632},{"x":1339,"y":632},{"x":1339,"y":561}]}},{"uuid":"_5ddea087-953a-47d3-afda-c71397a2064f","label":"","source":"_2a9de4ff-3432-47b1-abdf-ca29e6005e41","target":"_9e3f3a3e-9e07-4fa5-90d8-cad9b6f0d14d","line":{"points":[{"x":879,"y":450},{"x":974,"y":450},{"x":974,"y":450},{"x":994,"y":450}]}},{"uuid":"_2b12bc74-0874-4ee8-8751-93c99298bd17","label":"","source":"_274b7111-bd0b-433e-92ce-8f66cd8d7157","target":"_4446b711-cce8-4aa3-a63c-4646d561b240","line":{"points":[{"x":1223,"y":450},{"x":1339,"y":450},{"x":1339,"y":450},{"x":1339,"y":511}]}},{"uuid":"_4a527126-7010-409f-801b-959040ae4f6c","label":"","source":"_9d7f820c-7ba4-49a1-a421-996ea5b63d3e","target":"_5f5ee9d2-8626-4960-a899-66d6f18aa18d","line":{"points":[{"x":493,"y":536},{"x":493,"y":450},{"x":493,"y":450},{"x":584,"y":450}]}},{"uuid":"_a2bb9b9c-76fb-48f1-825e-ea4b704d7d82","label":"Nein","source":"_9e3f3a3e-9e07-4fa5-90d8-cad9b6f0d14d","target":"_274b7111-bd0b-433e-92ce-8f66cd8d7157","line":{"points":[{"x":1019,"y":450},{"x":1096,"y":450},{"x":1096,"y":450},{"x":1148,"y":450}]}},{"uuid":"_cda5d40c-cab9-4c44-b7ad-71b891d6ab9d","label":"","source":"_5f5ee9d2-8626-4960-a899-66d6f18aa18d","target":"_2a9de4ff-3432-47b1-abdf-ca29e6005e41","line":{"points":[{"x":659,"y":450},{"x":769,"y":450},{"x":769,"y":450},{"x":804,"y":450}]}},{"uuid":"_4bff46ed-f046-4739-bff8-499f8b0119b2","label":"","source":"_9d7f820c-7ba4-49a1-a421-996ea5b63d3e","target":"_9c8aa1e8-89c8-4032-84da-38c124a9af03","line":{"points":[{"x":493,"y":536},{"x":493,"y":632},{"x":493,"y":632},{"x":697,"y":632}]}},{"uuid":"_1c25ccf2-0b26-4165-8c58-a9d0497fedfb","label":"","source":"_7250e1ec-3113-41a0-aafc-0c26ff4ba32d","target":"_9d7f820c-7ba4-49a1-a421-996ea5b63d3e","line":{"points":[{"x":345,"y":536},{"x":444,"y":536},{"x":444,"y":536},{"x":468,"y":536}]}}]}