{"uuid":"_de80ef61-8ee0-4695-a31b-6b44201c2408","name":"Vorgang kontaktloses Bezahlen","author":"Erdi Basöz, Jennifer Schweigert, Murat Degermenci, Onur Afyoncu","description":"Dieser Prozess zeigt die kontaktlose Bezahlung, aus der Sicht eines Unternehmens. ","date":"Mon Jan 18 11:08:46 GMT 2021","lastTouchDate":1611158530544,"isExecutable":false,"isShared":false,"type":"Private","version":0,"startEvent":{"uuid":"_f3480009-17a4-4b09-a645-07d0d8ecee56","label":"Kund*innen möchte bezahlen","description":"Kunde möchte eine Bargeldlose Bezahlung durchführen","resource":"Kund*innen","organisation":"Unternehmen","costs":"NA","time":"wenige Sekunden","itsystem":"mPOS Systeme ; QR Systeme ; NFC Systeme","metadata":[],"bounds":{"top":510,"height":50,"left":35,"width":50},"type":"startEvent"},"nodeList":[{"uuid":"_f3480009-17a4-4b09-a645-07d0d8ecee56","label":"Kund*innen möchte bezahlen","description":"Kunde möchte eine Bargeldlose Bezahlung durchführen","resource":"Kund*innen","organisation":"Unternehmen","costs":"NA","time":"wenige Sekunden","itsystem":"mPOS Systeme ; QR Systeme ; NFC Systeme","metadata":[],"bounds":{"top":510,"height":50,"left":35,"width":50},"type":"startEvent","order":0},{"uuid":"_fe9c1802-71ce-4e06-9bb8-8adb320616c4","label":"Bezahlenmethode entscheiden","description":"Der Kund*innen entscheidet sich für ein Bezahlsystem, mit dem gezahlt werden soll.","resource":"Kund*innen","organisation":"","costs":"NA","time":"NA","itsystem":"","metadata":[{"filePath":"\/storage\/emulated\/0\/BPM Touch\/DATA\/project_65d0ad43-d3d7-44a1-acb3-2165f7de7bc3\/_de80ef61-8ee0-4695-a31b-6b44201c2408\/nodes\/_fe9c1802-71ce-4e06-9bb8-8adb320616c4\/Bezahlmethode.png"}],"bounds":{"top":485,"height":100,"left":135,"width":150},"type":"manualTask","order":1},{"uuid":"_87119ccd-7c73-452c-8552-99c92ff0a9a0","label":"exclusiveGateway","description":"","resource":"","organisation":"","costs":"","time":"","itsystem":"","metadata":[],"bounds":{"top":510,"height":50,"left":350,"width":50},"type":"exclusiveGateway","order":2},{"uuid":"_153483f4-ae5b-46b5-9195-ccc42252ba94","label":"Tragbarem Bezahlterminal bezahlen","description":"Kunde möchte per tragbarem Bezahlterminal bezahlen","resource":"Bezahlsservice","organisation":"Finanzen","costs":"NA","time":"wenige Sekunden","itsystem":"mPOS Systeme","metadata":[{"filePath":"\/storage\/emulated\/0\/BPM Touch\/DATA\/project_65d0ad43-d3d7-44a1-acb3-2165f7de7bc3\/_de80ef61-8ee0-4695-a31b-6b44201c2408\/nodes\/_153483f4-ae5b-46b5-9195-ccc42252ba94\/mPos.jpg"},{"filePath":"\/storage\/emulated\/0\/BPM Touch\/DATA\/project_65d0ad43-d3d7-44a1-acb3-2165f7de7bc3\/_de80ef61-8ee0-4695-a31b-6b44201c2408\/nodes\/_153483f4-ae5b-46b5-9195-ccc42252ba94\/mPos2.jpg"},{"filePath":"\/storage\/emulated\/0\/BPM Touch\/DATA\/project_65d0ad43-d3d7-44a1-acb3-2165f7de7bc3\/_de80ef61-8ee0-4695-a31b-6b44201c2408\/nodes\/_153483f4-ae5b-46b5-9195-ccc42252ba94\/An_Introduction_to_Mobile_Point_of_Sale_mPOS.mp4"}],"bounds":{"top":671,"height":100,"left":530,"width":150},"type":"serviceTask","order":3},{"uuid":"_b9ffd64c-fc79-47f1-ab46-b38f2cf71e86","label":"exclusiveGateway","description":"","resource":"","organisation":"","costs":"","time":"","itsystem":"","metadata":[],"bounds":{"top":510,"height":50,"left":774,"width":50},"type":"exclusiveGateway","order":4},{"uuid":"_3243a674-d2cc-4b55-8e4a-fb2cdd923f18","label":"Rechnung aushändigen","description":"Es wird automatisch eine Rechnung ausgedruckt, oder per E-Mail zugesandt.","resource":"Bezahlsservice","organisation":"Finanzen","costs":"NA","time":"wenige Sekunden","itsystem":"mPOS Systeme ; QR Systeme ; NFC Systeme","metadata":[{"filePath":"\/storage\/emulated\/0\/BPM Touch\/DATA\/project_65d0ad43-d3d7-44a1-acb3-2165f7de7bc3\/_de80ef61-8ee0-4695-a31b-6b44201c2408\/nodes\/_3243a674-d2cc-4b55-8e4a-fb2cdd923f18\/qr_code_zahlungsverkehr.960x533.jpg"},{"filePath":"\/storage\/emulated\/0\/BPM Touch\/DATA\/project_65d0ad43-d3d7-44a1-acb3-2165f7de7bc3\/_de80ef61-8ee0-4695-a31b-6b44201c2408\/nodes\/_3243a674-d2cc-4b55-8e4a-fb2cdd923f18\/Android-PDA-NFC-POS-Erhalt-Rechnung-Thermische-Wifi-Bluetooth-Mobile-Drucker-58mm-Wireless-Handheld-Terminal-PDA.webp"}],"bounds":{"top":485,"height":100,"left":898,"width":150},"type":"serviceTask","order":5},{"uuid":"_aa281ce3-f1ba-4dce-9157-cfbd7e479f33","label":"Bezahlung abgeschlossen","description":"Die Bezahlung wurde erfolgreich abgeschlossen","resource":"","organisation":"","costs":"","time":"","itsystem":"","metadata":[],"bounds":{"top":510,"height":50,"left":1120,"width":50},"type":"endEvent","order":6},{"uuid":"_30b83275-1cff-4864-8885-502d51956b00","label":"QR Bildschirme wählen","description":"Kunde möchte per QR bezahlen","resource":"Bezahlsservice","organisation":"Finanzen","costs":"NA","time":"wenige Sekunden","itsystem":"QR Systeme","metadata":[{"filePath":"\/storage\/emulated\/0\/BPM Touch\/DATA\/project_65d0ad43-d3d7-44a1-acb3-2165f7de7bc3\/_de80ef61-8ee0-4695-a31b-6b44201c2408\/nodes\/_30b83275-1cff-4864-8885-502d51956b00\/QRCode.jpg"},{"filePath":"\/storage\/emulated\/0\/BPM Touch\/DATA\/project_65d0ad43-d3d7-44a1-acb3-2165f7de7bc3\/_de80ef61-8ee0-4695-a31b-6b44201c2408\/nodes\/_30b83275-1cff-4864-8885-502d51956b00\/VR-BankingApp_GiroCode_-_Rechnung_mit_QR-Code_bezahlen.mp4"}],"bounds":{"top":485,"height":100,"left":530,"width":150},"type":"serviceTask","order":7},{"uuid":"_c99c9d14-6170-42e8-b736-076d13c1b566","label":"NFC Terminals bezahlen","description":"Der Kunde entscheidet sich per NFC zu bezahlen","resource":"Bezahlsservice","organisation":"Finanzen","costs":"15-130€ mtl.","time":"wenige Sekunden","itsystem":"NFC Systeme","metadata":[{"filePath":"\/storage\/emulated\/0\/BPM Touch\/DATA\/project_65d0ad43-d3d7-44a1-acb3-2165f7de7bc3\/_de80ef61-8ee0-4695-a31b-6b44201c2408\/nodes\/_c99c9d14-6170-42e8-b736-076d13c1b566\/NFC_Terminal.jpg"},{"filePath":"\/storage\/emulated\/0\/BPM Touch\/DATA\/project_65d0ad43-d3d7-44a1-acb3-2165f7de7bc3\/_de80ef61-8ee0-4695-a31b-6b44201c2408\/nodes\/_c99c9d14-6170-42e8-b736-076d13c1b566\/NFC_Terminal2.jpg"}],"bounds":{"top":284,"height":100,"left":530,"width":150},"type":"serviceTask","order":8}],"edgeList":[{"uuid":"_427dc550-52d6-47d2-abb5-3c534154d5f2","label":"","source":"_fe9c1802-71ce-4e06-9bb8-8adb320616c4","target":"_87119ccd-7c73-452c-8552-99c92ff0a9a0","line":{"points":[{"x":210,"y":535},{"x":317,"y":535},{"x":317,"y":535},{"x":350,"y":535}]}},{"uuid":"_3de0bf44-7317-4785-963e-70999519b57d","label":"","source":"_f3480009-17a4-4b09-a645-07d0d8ecee56","target":"_fe9c1802-71ce-4e06-9bb8-8adb320616c4","line":{"points":[{"x":60,"y":535},{"x":110,"y":535},{"x":110,"y":535},{"x":135,"y":535}]}},{"uuid":"_378e1d19-3629-4a3f-bb9d-6082493ab4fe","label":"","source":"_3243a674-d2cc-4b55-8e4a-fb2cdd923f18","target":"_aa281ce3-f1ba-4dce-9157-cfbd7e479f33","line":{"points":[{"x":973,"y":535},{"x":1084,"y":535},{"x":1084,"y":535},{"x":1120,"y":535}]}},{"uuid":"_76992b8c-394a-4857-93e7-3f3c49767bbc","label":"","source":"_87119ccd-7c73-452c-8552-99c92ff0a9a0","target":"_153483f4-ae5b-46b5-9195-ccc42252ba94","line":{"points":[{"x":375,"y":535},{"x":375,"y":721},{"x":375,"y":721},{"x":530,"y":721}]}},{"uuid":"_6b546036-d0c4-4f03-8844-3cdaa46019a4","label":"","source":"_30b83275-1cff-4864-8885-502d51956b00","target":"_b9ffd64c-fc79-47f1-ab46-b38f2cf71e86","line":{"points":[{"x":605,"y":535},{"x":727,"y":535},{"x":727,"y":535},{"x":774,"y":535}]}},{"uuid":"_f0aa09fb-a104-4e14-9408-f5f9c136a264","label":"","source":"_c99c9d14-6170-42e8-b736-076d13c1b566","target":"_b9ffd64c-fc79-47f1-ab46-b38f2cf71e86","line":{"points":[{"x":605,"y":334},{"x":799,"y":334},{"x":799,"y":334},{"x":799,"y":510}]}},{"uuid":"_55155224-bd8c-4b9f-b716-c2c21d88c97f","label":"","source":"_87119ccd-7c73-452c-8552-99c92ff0a9a0","target":"_30b83275-1cff-4864-8885-502d51956b00","line":{"points":[{"x":375,"y":535},{"x":465,"y":535},{"x":465,"y":535},{"x":530,"y":535}]}},{"uuid":"_d188b4ad-0729-4052-afbc-34bb0e478020","label":"","source":"_b9ffd64c-fc79-47f1-ab46-b38f2cf71e86","target":"_3243a674-d2cc-4b55-8e4a-fb2cdd923f18","line":{"points":[{"x":799,"y":535},{"x":861,"y":535},{"x":861,"y":535},{"x":898,"y":535}]}},{"uuid":"_2998eab4-28af-4c4d-9561-276a1e16c67d","label":"","source":"_153483f4-ae5b-46b5-9195-ccc42252ba94","target":"_b9ffd64c-fc79-47f1-ab46-b38f2cf71e86","line":{"points":[{"x":605,"y":721},{"x":799,"y":721},{"x":799,"y":721},{"x":799,"y":560}]}},{"uuid":"_fa9810fe-c4bf-4713-b0fa-33b6268849a8","label":"","source":"_87119ccd-7c73-452c-8552-99c92ff0a9a0","target":"_c99c9d14-6170-42e8-b736-076d13c1b566","line":{"points":[{"x":375,"y":535},{"x":375,"y":334},{"x":375,"y":334},{"x":530,"y":334}]}}]}