{"uuid":"_9132af83-02e8-44c5-ad20-adc0d50b6959","name":"Arbeits- und Organisationsstrukturen anpassen","author":"Erdi Basöz, Jennifer Schweigert, Murat Degermenci, Onur Afyoncu","description":"Aufgrund der Pandemie können sich Arbeitszeiten, Home-Office-Aktivitäten und Dienstreisen verzögern. Um das Unternehmen jederzeit flexibel zu halten, werden in diesem mögliche Verhalten definiert, wie Personaleinsätze planen und die vorschriftsmäßige Durchführung von Dienstreisen.","date":"Wed Jan 20 09:55:53 GMT 2021","lastTouchDate":1611140275089,"isExecutable":false,"isShared":false,"type":"Private","version":0,"startEvent":{"uuid":"_7d9fa0f2-76b2-4029-9abd-f16a0fd33172","label":"Personaleinsatz planen","description":"Die Personaleinsätze müssen nach den neusten Regeln angepasst werden.","resource":"","organisation":"","costs":"","time":"","itsystem":"","metadata":[],"bounds":{"top":415,"height":50,"left":35,"width":50},"type":"startEvent"},"nodeList":[{"uuid":"_7d9fa0f2-76b2-4029-9abd-f16a0fd33172","label":"Personaleinsatz planen","description":"Die Personaleinsätze müssen nach den neusten Regeln angepasst werden.","resource":"","organisation":"","costs":"","time":"","itsystem":"","metadata":[],"bounds":{"top":415,"height":50,"left":35,"width":50},"type":"startEvent","order":0},{"uuid":"_93159586-2bab-41e5-8b95-cb531ee71607","label":"Home-Office?","description":"Ist es möglich im Home-Office zu arbeiten?","resource":"","organisation":"","costs":"","time":"","itsystem":"","metadata":[],"bounds":{"top":415,"height":50,"left":135,"width":50},"type":"exclusiveGateway","order":1},{"uuid":"_a2ef80b7-e82e-46a0-91c1-78b982982f55","label":"Arbeitsmittel bereitstellen","description":"Die Beschäftigte benötigen einen Arbeitsfähigen Rechner. Hierfür wird die HR-Abteilung und die Abteilungsleitung hinzugezogen.","resource":"HR-Manager\/-innen ; Abteilungsleitung ; Geschäftsführung","organisation":"Unternehmen","costs":"Einrichtungskosten","time":"N\/A","itsystem":"Unternehmenssoftware ; MS-Office","metadata":[{"filePath":"\/storage\/emulated\/0\/BPM Touch\/DATA\/project_8c6375fc-3aa5-41c5-b860-c42d71f8d736\/_9132af83-02e8-44c5-ad20-adc0d50b6959\/nodes\/_a2ef80b7-e82e-46a0-91c1-78b982982f55\/Arbeitsmittel_bereitstellen.png"},{"filePath":"\/storage\/emulated\/0\/BPM Touch\/DATA\/project_8c6375fc-3aa5-41c5-b860-c42d71f8d736\/_9132af83-02e8-44c5-ad20-adc0d50b6959\/nodes\/_a2ef80b7-e82e-46a0-91c1-78b982982f55\/VideoHunterHome_Office_in_Coronazeiten_720p_HD.mp4"}],"bounds":{"top":264,"height":100,"left":223,"width":150},"type":"userTask","order":2},{"uuid":"_4f0e5d34-76e7-4a20-b420-760ad81af941","label":"exclusiveGateway","description":"","resource":"","organisation":"","costs":"","time":"","itsystem":"","metadata":[],"bounds":{"top":415,"height":50,"left":391,"width":50},"type":"exclusiveGateway","order":3},{"uuid":"_49ec61b7-8e19-4a5e-9a5a-c82479c10bc2","label":"Dienstreise planen","description":"Für einen Beschäftigten stehen Dienstreisen an. Diese Dienstreise will er mithilfe von TMS-Workflow einreichen.","resource":"Beschäftigte","organisation":"Fachabteilung","costs":"N\/A","time":"N\/A","itsystem":"TMS-Workflow","metadata":[{"filePath":"\/storage\/emulated\/0\/BPM Touch\/DATA\/project_8c6375fc-3aa5-41c5-b860-c42d71f8d736\/_9132af83-02e8-44c5-ad20-adc0d50b6959\/nodes\/_49ec61b7-8e19-4a5e-9a5a-c82479c10bc2\/DienstreisePlanen.jpg"}],"bounds":{"top":390,"height":100,"left":490,"width":150},"type":"userTask","order":4},{"uuid":"_3364a3f3-c2c9-46a1-81d2-3890e856d29e","label":"Notwendig?","description":"Beschäftige muss prüfen ob eine Dienstreise notwendig ist.","resource":"","organisation":"","costs":"","time":"","itsystem":"","metadata":[],"bounds":{"top":415,"height":50,"left":681,"width":50},"type":"exclusiveGateway","order":5},{"uuid":"_d828cdfb-fa47-4ffd-8c16-5ff9b066a02c","label":"Dienstreise durchführen","description":"Beschäftigte entscheidet die Dienstreise ist notwendig.","resource":"Beschäftigte","organisation":"Fachabteilung","costs":"N\/A","time":"N\/A","itsystem":"","metadata":[],"bounds":{"top":510,"height":100,"left":787,"width":150},"type":"manualTask","order":6},{"uuid":"_68c8c5fa-9f97-409e-8d0f-fc2553c27a36","label":"Vorort?","description":"Ist die Dienstreise Vorort notwendig?","resource":"","organisation":"","costs":"","time":"","itsystem":"","metadata":[],"bounds":{"top":535,"height":50,"left":995,"width":50},"type":"exclusiveGateway","order":7},{"uuid":"_486cb457-09ea-4f98-a285-83fc8a9840f3","label":"Einreise\/Rückreise überprüfen","description":"Die Dienstreise ist Vorort notwendig, der Beschäftigte prüft seine Einreise und die Rückreise.","resource":"Beschäftigte","organisation":"Fachabteilung","costs":"N\/A","time":"N\/A","itsystem":"Internet Browser","metadata":[{"filePath":"\/storage\/emulated\/0\/BPM Touch\/DATA\/project_8c6375fc-3aa5-41c5-b860-c42d71f8d736\/_9132af83-02e8-44c5-ad20-adc0d50b6959\/nodes\/_486cb457-09ea-4f98-a285-83fc8a9840f3\/Einreise_Ruckreise_teil2.png"},{"filePath":"\/storage\/emulated\/0\/BPM Touch\/DATA\/project_8c6375fc-3aa5-41c5-b860-c42d71f8d736\/_9132af83-02e8-44c5-ad20-adc0d50b6959\/nodes\/_486cb457-09ea-4f98-a285-83fc8a9840f3\/Einreise_Ruckreise_teil1.png"}],"bounds":{"top":390,"height":100,"left":1092,"width":150},"type":"userTask","order":8},{"uuid":"_2920e52c-8fef-4b0c-bb8d-eabcc18ab0f6","label":"Einreise möglich?","description":"Die Einreise ist ins Land\/Bundesland möglich?","resource":"","organisation":"","costs":"","time":"","itsystem":"","metadata":[],"bounds":{"top":415,"height":50,"left":1276,"width":50},"type":"exclusiveGateway","order":9},{"uuid":"_14831f54-aa73-4099-a491-a8fbbbacaf6b","label":"Einreisevorschriften beachten","description":"Die Dienstreise ist ins Land\/Bundesland möglich. Hier muss der Beschäftigte die Lokalen Einreisevorschriften beachten.","resource":"Beschäftigte","organisation":"Fachabteilung","costs":"Reisekosten","time":"Dauer des Aufenthaltes","itsystem":"","metadata":[{"filePath":"\/storage\/emulated\/0\/BPM Touch\/DATA\/project_8c6375fc-3aa5-41c5-b860-c42d71f8d736\/_9132af83-02e8-44c5-ad20-adc0d50b6959\/nodes\/_14831f54-aa73-4099-a491-a8fbbbacaf6b\/Merkblatt_Reisende_DE.png"}],"bounds":{"top":263,"height":100,"left":1396,"width":150},"type":"manualTask","order":10},{"uuid":"_ec00ead4-d5f6-42c4-81a2-ac899f2abf49","label":"Rückreise vorschriftsmäßig durchführen","description":"Nach der Dienstreise bereitet sich der Bschäftigte auf seine vorschriftsmäßige Rückreise vor.","resource":"Beschäftigte","organisation":"Fachabteilung","costs":"N\/A","time":"N\/A","itsystem":"","metadata":[],"bounds":{"top":263,"height":100,"left":1625,"width":150},"type":"manualTask","order":11},{"uuid":"_b060a8f0-a7a3-4500-9eff-7d3fd0f8a2b3","label":"Dienstreise beendet","description":"Der Beschäftigte hat die Dienstreise erfolgreich beendet","resource":"","organisation":"","costs":"","time":"","itsystem":"","metadata":[],"bounds":{"top":288,"height":50,"left":1817,"width":50},"type":"endEvent","order":12},{"uuid":"_7150d957-35a9-456c-ae36-46ebbf61e67e","label":"Dienstreise verschieben","description":"Dienstreise ist nicht möglich und muss an einen anderen Zeitpunkt nachgeholt werden. Der Beschäftigte notiert das im TMS-Workflow.","resource":"Beschäftigte","organisation":"Fachabteilung","costs":"N\/A","time":"N\/A","itsystem":"TMS-Workflow","metadata":[],"bounds":{"top":510,"height":100,"left":1393,"width":150},"type":"userTask","order":13},{"uuid":"_349f0b0d-43d2-4f5f-8eab-fb8759add285","label":"Dienstreise verschoben","description":"","resource":"","organisation":"","costs":"","time":"","itsystem":"","metadata":[],"bounds":{"top":535,"height":50,"left":1620,"width":50},"type":"endEvent","order":14},{"uuid":"_b84fbd61-211d-4926-af61-51538befb294","label":"Videokonferenz durchführen","description":"Die Dienstreise kann per Videokonferenz durchgeführt werden. Dies kann durch gängige Software wie Skype, Microsoft Teams etc durchgefürht werden.","resource":"Beschäftigte","organisation":"Unternehmen","costs":"N\/A","time":"2 Tage","itsystem":"Skype ; Microsoft Teams ; Webex","metadata":[{"filePath":"\/storage\/emulated\/0\/BPM Touch\/DATA\/project_8c6375fc-3aa5-41c5-b860-c42d71f8d736\/_9132af83-02e8-44c5-ad20-adc0d50b6959\/nodes\/_b84fbd61-211d-4926-af61-51538befb294\/Videokonferenz.jpg"}],"bounds":{"top":621,"height":100,"left":1089,"width":150},"type":"userTask","order":15},{"uuid":"_6c7bfe19-72de-4856-ae87-aa76c7df3da7","label":"Videokonferenz konnte erfolgreich durchgeführt werden","description":"","resource":"","organisation":"","costs":"","time":"","itsystem":"","metadata":[],"bounds":{"top":646,"height":50,"left":1314,"width":50},"type":"endEvent","order":16},{"uuid":"_9be47afa-1c5d-41b9-81c1-ed1d076ab2ca","label":"endEvent","description":"","resource":"","organisation":"","costs":"","time":"","itsystem":"","metadata":[],"bounds":{"top":311,"height":50,"left":796,"width":50},"type":"endEvent","order":17},{"uuid":"_3fd4ea08-f567-4919-9a39-0b6369676d3e","label":"Arbeitsgruppen bilden","description":"Home-Office ist nicht möglich. Die Beschäftigten werden in Arbeitsgruppen unterteilt. Somit werden die Kontaktpersonen eingeschränkt.","resource":"Abteilungsleitung","organisation":"Fachabteilung","costs":"N\/A","time":"N\/A","itsystem":"Excel","metadata":[{"filePath":"\/storage\/emulated\/0\/BPM Touch\/DATA\/project_8c6375fc-3aa5-41c5-b860-c42d71f8d736\/_9132af83-02e8-44c5-ad20-adc0d50b6959\/nodes\/_3fd4ea08-f567-4919-9a39-0b6369676d3e\/Arbeitsgruppe_bilden.png"}],"bounds":{"top":510,"height":100,"left":223,"width":150},"type":"userTask","order":18}],"edgeList":[{"uuid":"_4de2004a-9b7f-44b0-b5e0-b8bf86372869","label":"Ja","source":"_3364a3f3-c2c9-46a1-81d2-3890e856d29e","target":"_d828cdfb-fa47-4ffd-8c16-5ff9b066a02c","line":{"points":[{"x":706,"y":440},{"x":706,"y":560},{"x":706,"y":560},{"x":787,"y":560}]}},{"uuid":"_52f9dacc-3ca7-4953-9f42-b724223f4c4f","label":"","source":"_7d9fa0f2-76b2-4029-9abd-f16a0fd33172","target":"_93159586-2bab-41e5-8b95-cb531ee71607","line":{"points":[{"x":60,"y":440},{"x":110,"y":440},{"x":110,"y":440},{"x":135,"y":440}]}},{"uuid":"_d0786136-bbea-420e-94c0-d8c3abfc96c2","label":"Ja","source":"_93159586-2bab-41e5-8b95-cb531ee71607","target":"_a2ef80b7-e82e-46a0-91c1-78b982982f55","line":{"points":[{"x":160,"y":440},{"x":160,"y":314},{"x":160,"y":314},{"x":223,"y":314}]}},{"uuid":"_e5a23da3-ff8b-400d-a0d8-12dc9deca4af","label":"","source":"_ec00ead4-d5f6-42c4-81a2-ac899f2abf49","target":"_b060a8f0-a7a3-4500-9eff-7d3fd0f8a2b3","line":{"points":[{"x":1700,"y":313},{"x":1796,"y":313},{"x":1796,"y":313},{"x":1817,"y":313}]}},{"uuid":"_1c779441-c44f-492c-be60-df5f6e6f3ad1","label":"Ja","source":"_2920e52c-8fef-4b0c-bb8d-eabcc18ab0f6","target":"_14831f54-aa73-4099-a491-a8fbbbacaf6b","line":{"points":[{"x":1301,"y":440},{"x":1301,"y":313},{"x":1301,"y":313},{"x":1396,"y":313}]}},{"uuid":"_5a5be7b5-1400-4b2a-9375-b48242f09837","label":"Nein","source":"_3364a3f3-c2c9-46a1-81d2-3890e856d29e","target":"_9be47afa-1c5d-41b9-81c1-ed1d076ab2ca","line":{"points":[{"x":706,"y":440},{"x":763,"y":440},{"x":763,"y":336},{"x":796,"y":336}]}},{"uuid":"_75f28b2b-50d6-4a42-9bad-3b4bcfbbd9e7","label":"Nein","source":"_2920e52c-8fef-4b0c-bb8d-eabcc18ab0f6","target":"_7150d957-35a9-456c-ae36-46ebbf61e67e","line":{"points":[{"x":1301,"y":440},{"x":1301,"y":560},{"x":1301,"y":560},{"x":1393,"y":560}]}},{"uuid":"_761dc02b-3ea9-46bc-9acb-333b862b589b","label":"","source":"_486cb457-09ea-4f98-a285-83fc8a9840f3","target":"_2920e52c-8fef-4b0c-bb8d-eabcc18ab0f6","line":{"points":[{"x":1167,"y":440},{"x":1259,"y":440},{"x":1259,"y":440},{"x":1276,"y":440}]}},{"uuid":"_374c5af7-73b0-4470-bb3c-d4e6f1e5543c","label":"","source":"_49ec61b7-8e19-4a5e-9a5a-c82479c10bc2","target":"_3364a3f3-c2c9-46a1-81d2-3890e856d29e","line":{"points":[{"x":565,"y":440},{"x":660,"y":440},{"x":660,"y":440},{"x":681,"y":440}]}},{"uuid":"_2e6cbacd-1836-4b5c-bf73-777ca8964214","label":"Nein","source":"_93159586-2bab-41e5-8b95-cb531ee71607","target":"_3fd4ea08-f567-4919-9a39-0b6369676d3e","line":{"points":[{"x":160,"y":440},{"x":160,"y":560},{"x":160,"y":560},{"x":223,"y":560}]}},{"uuid":"_168fb93d-5c32-4456-963b-5c18c46a37cb","label":"","source":"_b84fbd61-211d-4926-af61-51538befb294","target":"_6c7bfe19-72de-4856-ae87-aa76c7df3da7","line":{"points":[{"x":1164,"y":671},{"x":1276,"y":671},{"x":1276,"y":671},{"x":1314,"y":671}]}},{"uuid":"_ff567a6f-29a5-4fa1-a94b-fe1cdcc16304","label":"","source":"_a2ef80b7-e82e-46a0-91c1-78b982982f55","target":"_4f0e5d34-76e7-4a20-b420-760ad81af941","line":{"points":[{"x":298,"y":314},{"x":416,"y":314},{"x":416,"y":314},{"x":416,"y":415}]}},{"uuid":"_b5a6e53e-9ca6-4b60-9027-77a60e250dc2","label":"","source":"_7150d957-35a9-456c-ae36-46ebbf61e67e","target":"_349f0b0d-43d2-4f5f-8eab-fb8759add285","line":{"points":[{"x":1468,"y":560},{"x":1581,"y":560},{"x":1581,"y":560},{"x":1620,"y":560}]}},{"uuid":"_854ced9f-2f7c-496c-8b19-db1ff5ce8655","label":"","source":"_d828cdfb-fa47-4ffd-8c16-5ff9b066a02c","target":"_68c8c5fa-9f97-409e-8d0f-fc2553c27a36","line":{"points":[{"x":862,"y":560},{"x":966,"y":560},{"x":966,"y":560},{"x":995,"y":560}]}},{"uuid":"_0dab0b5d-d685-4658-94d4-d3e2b7c7663a","label":"Ja","source":"_68c8c5fa-9f97-409e-8d0f-fc2553c27a36","target":"_486cb457-09ea-4f98-a285-83fc8a9840f3","line":{"points":[{"x":1020,"y":560},{"x":1020,"y":440},{"x":1020,"y":440},{"x":1092,"y":440}]}},{"uuid":"_a22a4856-9445-4e7e-b393-2f555e5eb04c","label":"","source":"_4f0e5d34-76e7-4a20-b420-760ad81af941","target":"_49ec61b7-8e19-4a5e-9a5a-c82479c10bc2","line":{"points":[{"x":416,"y":440},{"x":465,"y":440},{"x":465,"y":440},{"x":490,"y":440}]}},{"uuid":"_dae5f541-a42e-41dd-8dcb-efff1ebb9ed6","label":"","source":"_14831f54-aa73-4099-a491-a8fbbbacaf6b","target":"_ec00ead4-d5f6-42c4-81a2-ac899f2abf49","line":{"points":[{"x":1471,"y":313},{"x":1585,"y":313},{"x":1585,"y":313},{"x":1625,"y":313}]}},{"uuid":"_52517206-5d96-4b0f-b828-3429c7d5980d","label":"","source":"_3fd4ea08-f567-4919-9a39-0b6369676d3e","target":"_4f0e5d34-76e7-4a20-b420-760ad81af941","line":{"points":[{"x":298,"y":560},{"x":416,"y":560},{"x":416,"y":560},{"x":416,"y":465}]}},{"uuid":"_0d9145a1-2404-46cc-83f6-f7e5d94f4d4f","label":"Nein","source":"_68c8c5fa-9f97-409e-8d0f-fc2553c27a36","target":"_b84fbd61-211d-4926-af61-51538befb294","line":{"points":[{"x":1020,"y":560},{"x":1020,"y":671},{"x":1020,"y":671},{"x":1089,"y":671}]}}]}