{"uuid":"_4f261e85-dd9f-407a-ae75-440413990ed1","name":"Hygieneplan erstellen","author":"Erdi Basöz, Jennifer Schweigert, Murat Degermenci, Onur Afyoncu","description":"Dieser Prozess beschreibt die Erstellung und den dazugehörigen Inhalt eines Hygieneplan. Die Hygieneplan macht Angaben zu den unterschiedlichen Einsatzbereichen einer Einrichtung, wobei er auf Reinigungs- und Desinfektionstätigkeiten eingeht.","date":"Wed Jan 20 16:28:23 GMT 2021","lastTouchDate":1611160251760,"isExecutable":false,"isShared":false,"type":"Private","version":0,"startEvent":{"uuid":"_09ea36e3-22ac-49fa-ac56-793a236e1df2","label":"Hygieneplan erstellen\/aktualisieren","description":"Aufgrund gegebener Anlässe wird ein Hygieneplan benötigt","resource":"","organisation":"","costs":"","time":"","itsystem":"","metadata":[],"bounds":{"top":388,"height":50,"left":56,"width":50},"type":"startEvent"},"nodeList":[{"uuid":"_09ea36e3-22ac-49fa-ac56-793a236e1df2","label":"Hygieneplan erstellen\/aktualisieren","description":"Aufgrund gegebener Anlässe wird ein Hygieneplan benötigt","resource":"","organisation":"","costs":"","time":"","itsystem":"","metadata":[],"bounds":{"top":388,"height":50,"left":56,"width":50},"type":"startEvent","order":0},{"uuid":"_205a513d-02f9-428c-b4a2-890ee073ad1b","label":"exclusiveGateway","description":"","resource":"","organisation":"","costs":"","time":"","itsystem":"","metadata":[],"bounds":{"top":388,"height":50,"left":151,"width":50},"type":"exclusiveGateway","order":1},{"uuid":"_923d53b4-bd25-4d57-a062-6d8dfedb6dae","label":"Hygieneplan-Maßnahmen definieren","description":"Der Hygieneplan wird von dem Krisenstab-Beauftragen erstellt.","resource":"Krisenstab-Beauftragte","organisation":"Krisenstab","costs":"N\/A","time":"N\/A","itsystem":"MS-Office","metadata":[{"filePath":"\/storage\/emulated\/0\/BPM Touch\/DATA\/project_8c6375fc-3aa5-41c5-b860-c42d71f8d736\/_4f261e85-dd9f-407a-ae75-440413990ed1\/nodes\/_923d53b4-bd25-4d57-a062-6d8dfedb6dae\/Hygienemaßnahmen.jpg"}],"bounds":{"top":303,"height":100,"left":241,"width":150},"type":"userTask","order":2},{"uuid":"_e78a5d73-7803-40d2-baf8-ee9696b6fa46","label":"Produkte vorhanden","description":"Sind die benötigten Hygieneprodukte (z.B. Seife, Desinfektionsmittel, Masken) ausreichend vorhanden.","resource":"","organisation":"","costs":"","time":"","itsystem":"","metadata":[],"bounds":{"top":328,"height":50,"left":431,"width":50},"type":"exclusiveGateway","order":3},{"uuid":"_ab141b0a-42a0-48ca-944f-85ad3af0497f","label":"exclusiveGateway","description":"","resource":"","organisation":"","costs":"","time":"","itsystem":"","metadata":[],"bounds":{"top":328,"height":50,"left":698,"width":50},"type":"exclusiveGateway","order":4},{"uuid":"_70c2c141-df87-458a-85e8-67389da1e1cb","label":"Beschäftigte schulen","description":"Beschäftigte werden vom Krisenstab-Beauftragten\/ Abteilungsleitern über den Hygieneplan geschult.","resource":"Abteilungsleiter ; Krisenstab-Beauftragte","organisation":"Fachabteilung ; Krisenstab","costs":"N\/A","time":"1.5 Stunden","itsystem":"PowerPoint","metadata":[{"filePath":"\/storage\/emulated\/0\/BPM Touch\/DATA\/project_8c6375fc-3aa5-41c5-b860-c42d71f8d736\/_4f261e85-dd9f-407a-ae75-440413990ed1\/nodes\/_70c2c141-df87-458a-85e8-67389da1e1cb\/corona-hygiene-plakat-png--data.png"}],"bounds":{"top":303,"height":100,"left":807,"width":150},"type":"userTask","order":5},{"uuid":"_1ef68a9c-5c5c-448a-9464-0c70bc0ebf93","label":"Hygieneplan aktualisieren","description":"Hygieneplan muss regelmäßig auf Änderungen geprüft werden.","resource":"Krisenstab-Beauftragte","organisation":"Krisenstab","costs":"N\/A","time":"N\/A","itsystem":"MS-Office","metadata":[],"bounds":{"top":303,"height":100,"left":1016,"width":150},"type":"userTask","order":6},{"uuid":"_5005beec-c966-401a-bcef-de866d95de90","label":"Hygieneplan aktuell?","description":"Ist der Hygieneplan aktuell?","resource":"","organisation":"","costs":"","time":"","itsystem":"","metadata":[],"bounds":{"top":328,"height":50,"left":1238,"width":50},"type":"exclusiveGateway","order":7},{"uuid":"_1c49b19c-a12d-4923-9f57-eadf6666afc8","label":"Hygieneplan erstellt\/aktualisiert","description":"Der Hygieneplan ist auf den neusten Stand.","resource":"","organisation":"","costs":"","time":"","itsystem":"","metadata":[],"bounds":{"top":328,"height":50,"left":1385,"width":50},"type":"endEvent","order":8},{"uuid":"_701f6944-7b42-4ffc-a0f0-56ce2bd9ea9c","label":"Produkte bestellen","description":"Die benötigten Produkte werden bestellt.","resource":"Krisenstab-Beauftragte","organisation":"Krisenstab","costs":"N\/A","time":"N\/A","itsystem":"Internet ; Bestell-Software","metadata":[],"bounds":{"top":205,"height":100,"left":521,"width":150},"type":"userTask","order":9}],"edgeList":[{"uuid":"_bad98b56-70da-48e5-a285-8e3765af05bb","label":"","source":"_1ef68a9c-5c5c-448a-9464-0c70bc0ebf93","target":"_5005beec-c966-401a-bcef-de866d95de90","line":{"points":[{"x":1091,"y":353},{"x":1202,"y":353},{"x":1202,"y":353},{"x":1238,"y":353}]}},{"uuid":"_4965eaa4-e938-4bce-b617-4de481a6eb7b","label":"","source":"_205a513d-02f9-428c-b4a2-890ee073ad1b","target":"_923d53b4-bd25-4d57-a062-6d8dfedb6dae","line":{"points":[{"x":176,"y":413},{"x":176,"y":353},{"x":176,"y":353},{"x":241,"y":353}]}},{"uuid":"_14a4457f-a359-4a06-bd25-0964475060b3","label":"Nein","source":"_e78a5d73-7803-40d2-baf8-ee9696b6fa46","target":"_ab141b0a-42a0-48ca-944f-85ad3af0497f","line":{"points":[{"x":456,"y":353},{"x":456,"y":445},{"x":723,"y":445},{"x":723,"y":378}]}},{"uuid":"_d3113c7b-8ca8-4c81-b815-f1baa91a9789","label":"","source":"_701f6944-7b42-4ffc-a0f0-56ce2bd9ea9c","target":"_ab141b0a-42a0-48ca-944f-85ad3af0497f","line":{"points":[{"x":596,"y":255},{"x":723,"y":255},{"x":723,"y":255},{"x":723,"y":328}]}},{"uuid":"_80761718-b7fa-4216-ae48-10c3f4d42ac2","label":"","source":"_ab141b0a-42a0-48ca-944f-85ad3af0497f","target":"_70c2c141-df87-458a-85e8-67389da1e1cb","line":{"points":[{"x":723,"y":353},{"x":777,"y":353},{"x":777,"y":353},{"x":807,"y":353}]}},{"uuid":"_0ad9a80a-727c-4444-b4c2-829475401f1a","label":"Aktuell","source":"_5005beec-c966-401a-bcef-de866d95de90","target":"_1c49b19c-a12d-4923-9f57-eadf6666afc8","line":{"points":[{"x":1263,"y":353},{"x":1336,"y":353},{"x":1336,"y":353},{"x":1385,"y":353}]}},{"uuid":"_e328d539-a90c-405c-aa93-3bdd70dc837c","label":"Nicht aktuell","source":"_5005beec-c966-401a-bcef-de866d95de90","target":"_205a513d-02f9-428c-b4a2-890ee073ad1b","line":{"points":[{"x":1263,"y":353},{"x":1263,"y":518},{"x":176,"y":518},{"x":176,"y":438}]}},{"uuid":"_dd339b99-58b3-4a54-89b8-7e4d477c2b15","label":"","source":"_923d53b4-bd25-4d57-a062-6d8dfedb6dae","target":"_e78a5d73-7803-40d2-baf8-ee9696b6fa46","line":{"points":[{"x":316,"y":353},{"x":411,"y":353},{"x":411,"y":353},{"x":431,"y":353}]}},{"uuid":"_6dfac5f8-497a-43f6-bf0d-cd459e0203a6","label":"Ja","source":"_e78a5d73-7803-40d2-baf8-ee9696b6fa46","target":"_701f6944-7b42-4ffc-a0f0-56ce2bd9ea9c","line":{"points":[{"x":456,"y":353},{"x":456,"y":255},{"x":456,"y":255},{"x":521,"y":255}]}},{"uuid":"_3f126e08-a9e9-4fcf-9c01-cb86977532f0","label":"","source":"_09ea36e3-22ac-49fa-ac56-793a236e1df2","target":"_205a513d-02f9-428c-b4a2-890ee073ad1b","line":{"points":[{"x":81,"y":413},{"x":128,"y":413},{"x":128,"y":413},{"x":151,"y":413}]}},{"uuid":"_53ae47ff-2b5b-4b4e-a900-aad5862e4b5c","label":"","source":"_70c2c141-df87-458a-85e8-67389da1e1cb","target":"_1ef68a9c-5c5c-448a-9464-0c70bc0ebf93","line":{"points":[{"x":882,"y":353},{"x":986,"y":353},{"x":986,"y":353},{"x":1016,"y":353}]}}]}